number,depression,gene,stressful life events
1,31,0,0
2,37,0,0
3,39,1,2
4,40,1,1
5,42,1,4
6,29,1,2
7,41,1,1
8,39,1,1
9,35,1,0
10,34,1,0
11,40,0,0
12,42,0,0
13,34,1,0
14,32,0,0
15,37,1,0
16,36,1,0
17,41,1,0
18,41,0,2
19,29,1,2
20,33,1,2
21,40,1,0
22,37,1,0
23,36,1,0
24,35,1,0
25,43,1,2
26,42,1,1
27,33,1,2
28,38,1,2
29,32,1,1
30,32,1,1
31,49,1,1
32,34,1,2
33,35,1,3
34,46,1,2
35,30,1,2
36,39,1,2
38,46,1,1
39,43,0,2
40,39,0,1
41,36,0,1
42,44,1,1
43,28,1,0
44,31,1,0
45,37,1,0
46,30,1,0
47,43,1,0
48,39,1,0
49,37,1,2
50,45,1,2
51,31,1,0
52,43,1,0
53,39,1,3
54,37,1,3
55,30,1,1
56,33,1,1
57,36,1,4
59,41,1,0
60,33,1,0
61,29,0,3
62,31,0,5
63,53,0,0
64,58,0,0
65,37,1,0
66,33,1,0
67,44,1,1
68,54,1,1
69,34,1,0
71,37,1,2
72,30,1,2
73,38,1,1
74,34,1,1
77,49,1,1
78,46,1,0
79,39,1,3
80,42,1,3
81,40,1,4
82,42,1,0
83,48,1,0
84,39,1,0
85,45,1,3
86,40,1,2
87,52,0,7
89,49,0,1
90,45,0,2
91,35,1,0
92,40,1,0
93,37,0,1
95,29,1,0
96,37,1,0
97,39,1,0
98,35,1,2
99,44,0,2
100,49,0,2
101,34,1,0
102,37,1,0
103,39,1,2
104,44,1,4
107,37,1,1
108,27,1,0
109,29,1,0
110,29,1,0
111,36,0,2
112,35,1,3
113,39,1,2
114,49,1,2
115,31,1,0
116,36,1,0
117,38,1,1
118,35,1,1
119,35,1,1
120,44,1,2
121,34,1,1
122,37,1,2
123,38,1,1
124,48,1,1
125,42,0,1
126,30,0,2
129,33,1,3
130,32,1,3
131,38,1,1
132,39,1,1
133,40,0,3
134,35,1,3
135,40,1,1
136,38,1,0
137,39,0,7
138,33,0,7
139,34,1,3
140,31,1,1
141,28,1,0
142,34,1,0
143,39,1,0
144,30,1,0
145,40,1,0
146,40,1,0
147,50,1,1
148,44,1,1
149,33,0,3
150,38,0,3
151,52,0,0
152,46,1,0
153,36,0,0
154,36,1,0
155,32,1,1
156,30,1,1
157,43,1,1
158,49,1,3
159,39,1,5
160,39,1,3
161,36,1,5
163,36,1,1
164,52,1,1
165,42,1,0
166,46,1,0
167,35,1,3
168,42,1,4
169,32,1,0
170,57,1,0
171,44,0,0
172,34,0,0
173,38,0,0
174,31,1,0
175,39,1,1
176,39,1,1
177,33,0,1
178,33,0,1
179,35,0,2
180,38,0,2
181,64,1,16
182,45,1,14
183,30,1,1
184,34,1,1
185,27,1,3
186,28,1,2
189,37,1,1
190,43,1,1
191,44,1,2
192,42,0,1
193,30,1,0
194,30,0,0
195,34,1,1
196,47,1,0
197,36,1,3
198,36,1,2
199,28,1,2
200,29,1,2
201,39,1,0
202,39,1,0
205,34,1,0
206,41,1,0
207,38,0,4
208,52,0,4
209,45,1,0
210,49,1,0
211,33,1,3
212,39,1,3
213,43,1,4
214,46,1,5
215,32,0,3
216,38,0,3
217,35,1,0
218,45,1,0
219,48,1,1
220,55,1,1
221,39,1,3
222,41,1,2
223,31,1,0
224,30,1,0
225,39,0,0
226,30,0,0
227,35,1,0
228,38,1,1
229,30,1,4
230,54,1,5
231,44,1,1
232,45,1,1
233,27,1,2
234,31,1,2
235,41,0,0
236,39,0,0
237,46,1,2
238,61,1,2
239,34,0,1
240,29,0,1
241,39,1,6
242,48,1,6
243,36,0,0
244,31,0,0
245,47,1,1
246,45,1,1
247,33,1,3
248,39,1,2
249,32,1,1
250,29,1,1
251,35,1,1
252,37,1,1
253,31,0,2
254,37,0,1
255,34,1,0
256,33,1,0
257,36,1,0
258,52,1,0
259,28,1,0
260,37,1,0
261,31,1,1
262,32,1,2
263,50,0,3
264,44,0,3
265,36,0,1
266,37,1,0
267,32,0,0
268,29,0,0
269,31,1,1
270,30,1,1
271,30,1,0
272,32,1,0
273,34,1,0
274,34,1,0
275,33,1,0
276,28,1,0
277,46,0,2
278,42,0,0
279,33,1,2
280,35,1,2
281,43,1,0
282,43,1,1
283,28,1,0
284,36,1,0
286,43,1,0
287,49,0,2
288,45,0,0
290,30,1,0
291,51,1,1
292,53,0,1
293,35,1,0
294,40,1,0
295,42,0,0
296,42,0,0
297,44,1,2
298,35,1,2
299,32,1,2
300,38,1,2
301,41,1,1
302,39,1,1
303,29,1,5
304,36,1,5
305,37,1,0
306,35,1,0
307,37,0,0
308,39,0,0
309,36,1,0
310,46,1,0
311,37,1,1
312,46,1,0
313,44,1,4
314,54,1,1
317,36,1,2
318,36,0,2
319,28,1,0
320,44,1,0
321,34,0,0
322,32,0,0
323,46,1,1
324,38,1,1
325,42,1,4
326,37,1,6
327,42,1,1
328,38,1,1
329,49,1,0
330,57,1,0
331,39,1,3
332,42,1,4
333,30,1,3
334,37,1,3
335,35,0,1
336,33,0,1
337,47,0,3
338,44,0,3
339,33,0,3
340,36,0,3
341,32,1,0
342,29,1,0
343,41,1,1
344,40,1,1
345,47,1,0
346,34,1,0
347,40,1,4
348,40,1,4
349,38,1,4
350,36,1,3
351,33,1,0
352,43,1,2
353,50,1,4
354,45,1,2
355,41,1,2
356,40,1,2
357,36,0,0
359,42,1,5
360,39,1,1
361,43,0,0
362,27,1,0
363,39,1,0
364,39,1,0
365,35,1,0
366,44,1,0
367,46,1,2
368,39,1,1
369,35,0,5
370,29,0,6
373,58,1,1
374,51,1,1
375,35,1,5
376,40,1,3
377,33,0,0
378,33,0,0
379,34,1,0
380,29,1,0
381,38,0,3
382,37,0,3
383,51,1,1
384,45,1,2
385,33,1,0
386,33,1,0
387,35,1,2
388,50,1,1
389,33,1,0
390,31,1,0
391,50,1,1
392,51,1,1
393,37,1,4
394,44,0,4
395,27,1,1
396,40,1,0
397,35,1,2
398,37,1,2
399,36,1,1
400,42,1,1
401,35,1,2
402,39,1,1
403,40,1,0
404,38,1,0
405,32,1,0
406,39,1,3
407,48,1,4
408,36,1,4
409,37,1,2
410,30,1,1
411,34,1,1
412,35,1,1
413,36,0,0
414,34,0,0
415,39,1,0
416,34,1,0
417,36,1,1
418,36,1,1
419,35,1,3
420,46,1,3
421,50,1,1
422,46,1,1
423,32,1,0
424,33,1,0
425,31,0,0
426,34,0,0
427,39,1,1
428,30,1,4
429,48,0,5
430,41,1,5
431,31,1,0
432,33,1,2
433,32,1,1
434,35,1,1
435,33,1,0
436,37,1,0
437,36,1,5
438,35,1,5
439,38,0,0
440,32,0,1
441,30,1,1
442,35,1,1
443,32,1,1
444,30,1,1
445,34,1,0
446,33,1,0
447,37,1,3
448,31,1,0
449,48,0,1
450,37,1,1
451,32,0,1
452,31,0,1
453,37,1,5
454,36,1,4
455,30,1,5
456,30,1,5
457,42,1,0
458,35,1,0
459,32,1,0
460,31,1,0
461,37,1,1
462,31,1,1
463,32,1,0
464,31,1,0
465,33,1,1
466,29,1,0
467,38,1,2
468,38,1,2
469,53,1,0
471,33,1,0
472,33,1,1
473,47,1,5
474,41,1,3
475,38,1,4
476,58,1,4
477,43,0,1
478,36,0,4
479,35,0,2
480,28,1,3
481,34,1,2
482,34,1,3
483,28,1,1
484,32,1,1
485,35,0,4
486,46,0,1
488,31,1,2
489,38,1,7
490,42,1,4
491,35,1,0
492,43,1,0
494,37,1,3
495,30,1,1
496,27,1,1
497,49,0,0
498,47,0,0
499,37,1,3
500,32,1,2
501,40,0,1
502,38,0,1
503,34,0,0
504,38,0,0
505,28,1,0
506,29,1,0
507,42,1,0
508,48,1,0
509,36,0,0
510,38,0,2
511,31,1,0
512,27,1,1
513,31,1,0
514,29,0,0
516,30,1,1
517,32,1,2
518,38,1,2
519,39,1,2
520,35,1,2
521,31,1,4
522,36,1,5
523,30,1,2
524,35,1,2
525,29,1,0
526,28,1,0
527,34,1,1
528,31,1,0
529,35,1,2
530,38,1,2
532,28,1,2
533,58,1,0
534,29,1,0
536,41,0,2
537,39,0,0
538,39,0,0
539,36,1,0
540,33,1,0
541,40,0,0
542,45,0,0
543,42,1,2
544,41,1,3
545,36,1,7
546,38,1,4
547,43,1,0
548,35,1,0
549,53,1,1
550,40,1,1
551,34,1,1
552,32,1,1
553,31,1,0
554,41,1,0
555,46,1,4
556,34,1,4
557,31,0,0
558,32,0,0
559,32,1,2
560,36,1,2
561,29,1,2
562,32,1,1
563,35,1,1
564,35,1,1
565,45,0,6
566,31,0,4
567,32,1,1
568,30,1,1
569,37,1,2
570,38,1,2
571,32,1,2
572,47,1,2
573,41,1,2
574,30,1,2
578,37,1,1
581,39,1,0
582,40,1,0
583,48,1,7
584,40,1,5
585,36,1,7
586,38,1,3
587,48,1,1
588,37,1,1
589,29,1,0
590,30,1,0
591,36,1,1
592,34,1,1
593,37,1,3
594,30,1,3
595,46,0,4
596,36,0,3
597,38,0,0
598,30,0,0
599,29,1,1
600,35,0,1
601,32,0,4
602,44,0,2
603,33,1,2
604,38,1,2
605,36,1,1
606,31,1,1
607,30,1,0
608,38,1,0
609,42,1,0
610,44,1,0
611,30,1,0
612,31,1,0
613,47,1,0
614,37,1,0
615,56,1,4
616,59,1,3
617,44,1,4
618,30,1,5
619,28,1,0
620,35,1,0
621,38,1,2
622,30,1,0
624,37,1,4
628,32,1,2
629,37,0,0
630,35,0,0
631,39,1,0
632,38,1,0
635,40,1,2
636,29,1,2
637,29,1,1
638,50,1,1
639,29,1,0
640,35,1,0
641,35,1,0
642,31,1,0
643,35,1,1
644,38,1,1
645,34,1,1
646,38,1,1
647,36,1,2
648,36,1,1
649,32,1,1
650,43,1,2
651,38,1,1
652,47,1,5
653,42,1,2
654,48,1,2
655,33,1,5
656,29,1,0
657,39,0,3
658,45,0,1
659,40,1,0
660,37,1,0
661,37,1,0
662,37,1,0
663,45,1,1
664,49,1,1
665,35,1,1
667,35,1,0
668,49,1,0
669,31,1,0
670,32,1,0
671,31,0,0
672,33,0,0
673,33,1,3
674,32,1,2
675,31,1,2
676,50,1,2
677,37,1,0
678,40,1,0
679,37,1,2
680,33,1,1
681,50,1,5
682,35,1,5
683,42,0,2
684,45,0,2
685,48,1,3
686,30,1,3
687,28,1,0
688,29,1,0
689,38,1,0
690,32,1,0
693,34,1,2
694,41,1,3
695,41,1,1
696,54,1,1
697,39,1,6
698,39,1,3
699,35,1,3
700,49,1,2
701,45,1,10
702,59,1,15
703,30,0,2
704,32,0,2
705,38,1,0
706,31,1,0
707,39,0,1
708,36,0,1
709,39,1,5
710,39,1,5
711,51,1,1
712,38,1,1
713,42,1,2
714,30,1,1
715,29,1,3
716,36,1,3
717,34,1,0
718,31,1,0
719,59,1,10
720,45,1,0
721,35,1,1
722,40,1,1
723,43,0,2
724,40,0,2
725,49,1,2
726,34,1,3
727,54,1,5
728,47,1,3
729,31,0,2
730,31,1,2
731,33,0,4
732,31,0,3
733,33,0,1
734,33,1,1
735,35,1,1
736,35,1,1
737,37,1,4
738,45,1,5
739,40,1,1
740,43,1,1
741,39,1,0
743,48,1,0
744,39,1,0
745,35,0,1
746,37,0,0
747,33,0,0
748,29,0,0
749,33,1,0
750,49,1,0
751,29,1,0
752,33,1,1
753,34,1,2
754,34,0,2
755,45,0,0
756,34,0,0
757,38,1,1
758,32,1,1
759,32,1,0
760,39,1,1
761,40,1,6
762,33,1,4
763,43,1,7
764,44,1,0
765,35,1,4
766,35,1,3
767,35,0,1
768,40,0,3
769,44,1,1
770,44,1,1
771,33,1,1
772,28,1,1
773,30,1,1
774,33,1,2
775,35,1,4
776,31,1,4
777,46,1,6
778,46,1,5
779,38,1,2
780,34,1,2
781,41,1,3
782,46,1,3
783,33,1,2
784,36,1,2
785,33,1,0
786,30,1,0
787,32,1,1
788,45,1,0
789,44,1,7
790,44,1,5
791,42,0,3
792,37,0,6
793,39,1,2
794,37,1,2
795,47,0,3
796,42,0,2
797,41,1,3
799,46,1,2
800,51,1,3
801,39,0,0
802,36,0,1
803,38,1,1
804,43,1,1
805,35,1,0
806,45,1,0
807,27,1,1
808,39,1,3
809,35,1,0
810,27,1,0
811,45,1,1
812,34,1,1
813,34,1,1
814,36,1,1
815,37,0,3
816,31,0,2
817,28,0,1
818,28,0,1
819,47,1,3
820,45,1,4
821,47,1,0
822,41,1,0
823,37,1,1
824,39,1,1
825,49,1,0
826,41,1,0
827,37,0,3
828,44,1,2
829,49,1,0
831,36,1,0
833,35,1,0
834,56,1,0
835,47,1,5
836,50,1,6
837,44,1,3
838,34,1,1
839,30,1,2
840,27,1,2
841,39,1,2
842,49,0,3
843,39,0,0
844,39,0,0
845,41,1,3
846,29,1,2
847,29,1,0
848,41,1,0
849,42,1,3
850,37,1,2
851,38,1,1
852,29,1,0
853,39,1,0
854,41,1,0
855,40,1,0
856,39,1,0
857,31,0,1
858,32,1,1
859,41,1,1
860,39,1,1
861,47,1,0
862,39,1,1
863,30,1,0
864,28,1,0
865,34,1,3
866,37,1,2
867,35,1,1
868,48,1,2
869,27,1,1
870,28,1,1
871,37,1,1
872,43,1,1
874,32,1,3
875,43,1,6
877,42,1,0
878,48,1,0
879,44,0,2
881,45,1,2
882,43,1,0
883,55,1,2
884,59,1,2
885,42,0,0
887,33,1,0
888,39,1,0
889,44,1,1
890,46,1,1
892,45,1,0
893,41,1,0
894,51,1,3
895,33,1,2
896,39,1,3
897,28,0,1
898,28,0,1
899,35,1,0
900,34,1,0
901,36,1,1
902,44,1,1
903,33,1,1
904,42,1,1
905,56,1,0
906,52,1,0
907,34,1,0
908,31,1,0
909,48,1,0
910,37,1,0
911,45,1,5
912,42,1,4
913,48,1,3
915,33,1,3
916,31,1,2
917,35,1,1
918,42,1,0
919,34,1,0
920,45,1,0
921,46,1,2
923,39,1,6
925,32,0,4
926,37,0,3
927,34,1,1
928,35,1,0
929,43,1,6
930,37,1,5
931,35,1,0
932,30,1,0
933,36,1,0
934,27,1,1
935,33,1,1
936,43,1,0
937,39,1,0
939,41,1,0
940,40,1,0
941,45,0,0
942,38,1,0
943,43,1,2
944,31,1,1
945,56,0,2
946,50,0,2
947,29,1,0
948,30,1,0
949,29,1,0
950,29,1,0
951,39,1,3
952,27,1,1
953,44,1,1
954,41,1,1
955,33,1,0
956,37,1,0
957,29,1,3
958,29,1,5
959,32,1,0
960,28,1,0
961,38,1,4
962,48,1,1
963,41,1,3
964,41,1,3
965,36,1,1
966,38,1,1
967,49,1,1
968,65,1,2
969,29,1,3
970,35,1,5
971,30,0,0
972,30,0,0
973,31,1,0
974,29,1,0
975,31,1,0
976,31,1,1
977,28,1,2
978,29,1,1
979,29,0,0
980,50,1,0
981,36,1,0
982,40,1,0
983,28,0,1
984,34,0,0
985,30,1,2
986,31,1,2
987,28,1,1
988,30,1,1
989,37,1,2
990,39,1,2
991,29,1,1
992,38,1,2
993,27,1,0
994,28,1,1
995,49,0,1
996,55,0,1
997,41,1,5
998,33,1,2
999,36,1,1
1000,36,1,1
1001,52,1,3
1002,49,1,0
1003,31,1,0
1004,29,1,0
1005,30,1,0
1006,30,1,0
1007,31,1,0
1008,31,1,0
1009,33,1,2
1010,41,1,1
1011,34,1,1
1012,52,1,0
1013,33,1,1
1014,33,1,1
1015,44,0,1
1016,31,0,0
1017,46,1,0
1018,39,1,0
1019,35,1,1
1020,28,1,0
1021,30,0,1
1022,31,1,1
1023,28,1,0
1024,30,1,0
1025,37,1,2
1026,45,1,2
1027,30,1,0
1028,29,1,0
1029,28,1,0
1031,38,1,0
1032,43,1,1
1033,32,1,1
1034,37,1,0
1035,29,1,2
1036,30,1,2
1037,29,1,0
1038,39,1,0
1039,62,1,2
1040,55,1,2
1041,28,0,1
1042,31,0,1
1043,45,1,0
1044,34,1,0
1045,31,1,0
1046,30,1,0
1047,38,1,3
1048,45,1,1
1049,34,0,0
1050,31,0,0
1051,46,1,3
1052,42,1,4
1053,33,1,3
1054,32,1,2
1055,39,1,0
1056,45,0,0
1057,58,1,1
1058,31,0,4
1059,34,1,0
1060,38,1,1
1061,34,0,3
1062,29,0,4
1063,37,1,0
1064,28,1,0
1065,43,1,0
1066,34,1,0
1067,33,1,0
1069,54,1,9
1070,41,1,8
1071,34,1,1
1072,40,1,0
1073,27,1,1
1074,28,1,0
1075,30,0,0
1076,34,0,0
1078,56,1,2
1079,53,1,0
1081,27,0,0
1083,54,0,2
1084,53,0,1
1085,33,1,3
1086,37,1,2
1087,33,1,0
1088,29,1,0
1089,31,1,1
1090,46,1,1
1091,62,1,1
1092,51,1,1
1093,34,1,1
1094,40,1,1
1095,56,0,3
1096,41,0,2
1097,30,0,1
1098,39,0,1
1100,31,1,0
1101,33,1,0
1102,38,1,0
1103,49,1,3
1104,45,1,2
1105,34,1,1
1106,30,1,1
1107,35,1,7
1108,28,1,7
1109,60,1,0
1110,33,1,0
1111,29,1,0
1112,28,1,0
1113,41,1,0
1114,51,1,1
1115,41,1,8
1119,30,1,0
1120,39,1,2
1121,39,1,2
1122,39,1,2
1123,34,1,1
1125,49,1,2
1126,47,1,2
1127,28,1,0
1128,31,1,0
1129,29,1,2
1130,27,1,2
1131,32,1,1
1132,31,1,0
1133,32,0,2
1134,33,0,2
1135,41,1,1
1136,47,1,5
1137,44,1,0
1138,33,0,0
1139,35,0,4
1140,36,0,2
1141,30,1,7
1142,32,1,6
1143,47,1,2
1144,39,1,1
1146,43,1,2
1149,30,0,0
1151,48,1,1
1152,34,1,2
1153,36,1,0
1155,34,1,0
1156,35,1,0
1157,34,1,0
1158,30,1,0
1159,34,1,0
1160,38,1,0
1161,38,1,1
1162,45,1,1
1163,34,1,4
1164,43,1,5
1165,47,1,0
1166,40,1,0
1167,50,1,3
1168,33,1,2
1169,28,1,2
1170,41,1,2
1171,33,1,1
1172,40,1,1
1173,38,1,2
1174,38,1,2
1175,30,1,3
1176,52,1,3
1177,42,1,4
1178,33,1,4
1179,41,0,4
1180,48,0,2
1183,38,1,0
1184,36,1,0
1185,33,1,1
1186,31,1,1
1188,34,1,2
1189,29,0,0
1190,32,0,0
1191,28,1,0
1192,35,1,0
1193,39,1,3
1194,45,1,3
1195,50,1,1
1196,39,1,1
1197,31,1,1
1198,30,1,1
1199,44,1,1
1200,32,1,1
1201,30,0,0
1202,29,0,1
1203,38,1,1
1204,39,1,0
1205,39,1,0
1207,44,1,0
1208,35,1,0
1209,50,1,2
1210,28,1,4
1211,33,1,0
1212,28,0,0
1213,34,0,0
1214,35,0,1
1215,40,0,0
1216,35,1,0
1217,30,0,0
1218,39,0,0
1219,37,1,3
1220,50,1,3
1222,43,1,0
1223,40,1,1
1224,42,1,0
1225,37,1,1
1226,40,1,0
1227,38,1,0
1228,31,1,1
1229,30,1,1
1230,33,1,1
1231,30,1,0
1232,32,1,0
1233,36,1,9
1234,41,0,4
1235,49,1,0
1236,44,1,0
1237,32,1,0
1238,29,1,0
1239,43,1,0
1240,33,1,0
1241,36,0,0
1242,39,0,0
1243,36,1,2
1244,37,1,1
1245,33,1,3
1246,36,1,4
1247,49,1,2
1248,32,1,1
1249,32,1,3
1250,36,1,1
1251,40,1,1
1252,36,1,1
1253,27,1,1
1254,35,1,1
1255,31,1,0
1256,33,1,0
1257,43,0,5
1258,40,0,5
1259,39,0,2
1260,42,0,2
1261,40,1,0
1262,36,1,1
1263,40,0,1
1264,42,0,1
1265,36,0,1
1266,40,0,1
1267,40,0,0
1268,58,1,0
1269,50,0,4
1270,49,0,4
1271,33,1,1
1272,34,1,1
1273,35,0,1
1274,38,0,2
1275,36,1,7
1276,39,1,5
1277,29,1,0
1278,29,1,0
1279,33,0,0
1280,30,0,0
1281,62,1,1
1282,32,1,0
1283,35,1,1
1284,31,1,1
1285,34,1,1
1286,32,1,1
1287,29,1,1
1288,30,1,0
1289,53,1,0
1290,32,1,1
1291,31,1,4
1292,29,1,3
1293,35,1,1
1295,36,1,0
1296,36,0,0
1297,41,1,0
1298,41,1,0
1299,31,1,2
1300,35,1,0
1301,33,1,5
1302,33,1,5
1303,51,1,1
1304,42,1,0
1305,34,0,1
1306,39,0,0
1307,31,1,5
1308,35,1,5
1309,33,1,3
1310,37,1,5
1311,30,1,3
1312,29,1,3
1313,30,1,0
1314,28,1,0
1315,30,1,2
1316,37,1,2
1317,28,1,0
1318,29,1,0
1319,46,1,2
1320,49,0,3
1321,33,0,0
1322,43,0,3
1323,36,0,0
1324,33,0,0
1325,31,1,0
1326,33,1,0
1327,39,0,0
1328,30,1,0
1329,35,1,2
1331,40,1,0
1332,41,1,1
1333,41,1,0
1334,31,1,0
1335,32,1,1
1336,35,1,0
1337,39,1,2
1338,34,1,2
1339,34,1,0
1340,36,1,2
1342,33,0,0
1343,50,1,0
1344,40,1,0
1345,34,1,3
1346,31,0,2
1347,29,1,2
1348,39,1,2
1349,29,0,0
1350,29,0,0
1351,28,1,1
1352,39,1,1
1353,31,1,0
1354,27,1,0
1355,27,0,2
1356,31,1,1
1357,28,1,1
1358,28,1,1
1359,38,0,3
1360,38,1,1
1363,31,1,0
1364,27,1,0
1365,31,1,2
1366,38,1,2
1367,31,1,0
1368,32,1,0
1369,35,1,0
1371,35,1,0
1372,38,1,0
1373,36,0,0
1374,38,0,0
1376,37,1,1
1377,40,1,5
1378,41,0,4
1379,39,1,2
1380,35,1,2
1381,28,1,0
1382,29,1,0
1383,47,1,1
1385,31,1,0
1386,27,1,0
1387,45,1,2
1388,33,1,2
1389,35,0,10
1390,51,0,5
1392,31,1,0
1393,29,1,0
1394,32,1,0
1395,27,1,1
1396,29,1,1
1397,32,1,4
1398,32,1,5
1399,31,1,1
1400,39,1,1
1402,28,1,2
1403,41,1,0
1404,57,1,0
1407,50,0,2
1408,35,0,3
1409,32,1,1
1410,28,1,1
1412,53,1,2
1413,34,1,3
1414,28,1,3
1415,36,1,3
1416,38,1,4
1417,32,1,0
1418,34,1,0
1419,61,1,2
1420,33,1,3
1421,33,1,1
1422,36,1,1
1423,30,1,0
1424,37,1,2
1425,39,1,0
1426,43,1,0
1429,35,0,1
1430,42,0,1
1432,37,1,0
1433,42,1,0
1434,28,1,0
1435,37,1,2
1436,36,1,1
1438,28,1,0
1439,36,1,2
1440,30,1,2
1441,41,1,3
1442,39,1,2
1443,36,1,3
1444,37,1,3
1445,48,0,2
1446,38,0,2
1447,42,1,0
1448,36,0,0
1449,38,1,1
1450,46,1,1
1451,33,1,5
1452,35,1,2
1453,46,1,0
1454,44,1,0
1455,43,1,2
1456,39,1,2
1457,35,0,7
1458,35,0,3
1459,48,1,3
1460,41,1,4
1461,30,0,0
1462,31,0,0
1463,41,1,6
1464,35,1,4
1465,36,0,3
1466,37,0,3
1467,44,0,0
1469,37,0,1
1470,45,0,0
1471,33,1,1
1472,31,1,2
1473,33,1,1
1474,33,1,1
1475,33,1,1
1476,29,1,4
1477,47,0,3
1479,28,1,2
1480,52,1,1
1481,50,0,3
1482,35,0,4
1483,35,0,0
1484,33,1,0
1485,32,1,4
1486,30,0,3
1487,30,1,7
1488,37,1,7
1489,40,0,1
1490,33,0,1
1492,30,1,2
1493,33,1,1
1495,43,1,1
1496,40,1,1
1497,33,1,3
1498,32,1,7
1499,34,1,2
1500,39,1,1
1501,35,1,1
1502,39,1,2
1503,36,1,0
1504,33,1,0
1505,28,1,0
1506,28,1,0
1507,30,0,2
1508,34,0,4
1509,33,1,1
1510,30,1,0
1511,48,0,3
1512,36,0,3
1513,37,0,0
1514,37,0,0
1515,48,1,1
1516,49,1,1
1517,51,1,0
1518,51,1,0
1519,38,0,2
1520,46,1,2
1521,36,1,0
1522,37,1,0
1523,35,1,4
1525,33,1,1
1526,39,1,0
1527,44,1,3
1528,29,1,3
1529,32,0,3
1530,27,1,2
1531,30,1,0
1532,35,1,0
1533,28,1,0
1535,36,1,0
1536,34,1,0
1538,38,0,5
1539,37,1,2
1540,30,1,1
1541,32,1,2
1542,30,1,4
1543,31,1,0
1544,41,1,0
1545,31,1,0
1546,32,1,0
1547,28,1,0
1548,30,1,1
1549,51,0,2
1550,40,0,0
1551,36,1,0
1552,35,1,0
1553,29,1,3
1554,32,1,3
1555,35,1,1
1556,34,1,1
1557,29,1,0
1558,34,1,0
1559,31,1,2
1560,28,1,2
1561,32,1,3
1562,32,1,3
1563,30,0,0
1564,27,1,0
1565,45,1,1
1566,42,1,1
1567,28,1,4
1568,31,1,3
1569,27,1,1
1570,29,1,1
1571,34,1,1
1572,34,1,1
1573,37,1,0
1574,38,1,0
1575,40,1,6
1576,44,1,3
1577,32,1,6
1578,33,1,7
1580,30,1,2
1581,29,1,0
1582,30,1,0
1583,42,1,1
1584,28,1,1
1585,35,0,0
1587,27,1,1
1588,33,1,2
1589,28,1,3
1590,32,1,3
1591,37,1,1
1592,37,1,0
1593,42,1,0
1595,32,1,1
1596,29,1,0
1597,41,1,0
1598,42,1,1
1599,40,1,0
1600,56,1,0
1601,44,1,0
1602,44,1,0
1603,30,1,1
1604,33,1,4
1605,31,1,0
1606,37,1,0
1607,31,0,0
1608,30,0,0
1609,30,0,0
1610,30,0,0
1611,32,1,1
1612,33,1,1
1613,32,1,1
1614,30,1,1
1615,42,0,2
1616,32,0,2
1617,40,1,1
1618,53,1,1
1620,30,0,0
1621,29,1,0
1622,27,1,0
1623,32,1,0
1624,32,1,0
1625,47,0,0
1626,53,0,0
1627,45,1,3
1628,43,1,4
1629,29,0,0
1630,30,0,0
1631,52,0,1
1632,29,0,1
1633,30,1,1
1634,31,1,1
1635,35,1,2
1636,39,1,1
1637,37,1,4
1638,37,1,4
1639,36,1,3
1640,33,1,3
1641,27,1,2
1642,41,1,2
1643,37,1,0
1644,41,1,0
1645,38,1,1
1646,35,1,1
1647,46,1,2
1648,54,1,4
1649,43,0,2
1650,33,0,1
1651,42,1,5
1652,36,1,5
1653,41,1,3
1654,43,1,2
1656,39,0,1
1657,32,1,0
1658,35,1,0
1659,33,1,3
1660,29,1,3
1661,31,0,0
1662,29,0,0
1663,42,1,0
1664,34,1,0
1665,34,0,0
1666,35,1,0
1667,29,1,1
1668,29,1,2
1669,31,1,4
1670,31,1,3
1671,38,1,0
1672,44,1,1
1673,37,0,0
1674,32,0,0
1675,51,1,1
1676,43,1,1
1677,39,0,0
1678,42,0,0
1679,37,1,0
1680,39,1,0
1681,33,1,4
1682,40,1,1
1683,41,0,3
1684,44,0,4
1685,40,1,7
1686,46,1,5
1687,34,1,1
1688,35,1,2
1689,32,1,0
1690,36,1,0
1691,28,1,0
1692,30,1,0
1693,32,1,4
1694,29,1,1
1695,30,1,1
1696,30,1,1
1697,32,1,6
1698,30,1,5
1702,33,1,1
1703,44,1,0
1704,34,1,0
1706,46,1,6